{
    "usz_identifier": {
        "Description": "unique patient ID at USZ's database",
        "Type": "object"
    },
    "sciAdv_identifier": {
        "Description": "unique patient ID according to Science Advance paper",
        "Type": "object"
    },
    "eLife_identifier": {
        "Description": "unique patient ID according to eLife paper",
        "Type": "object"
    },
    "age": {
        "Description": "age of the participant at the time of the task",
        "Units": "years"
    },
    "sex": {
        "Description": "sex of the participant as reported by the participant",
        "Levels": {
            "M": "male",
            "F": "female"
        }
    },
    "pathology": {
        "Description": "clinical diagnosis of the patient with focal-epilepsy"
    }
}