name	type	units	low_cutoff	high_cutoff	sampling_frequency
mAHL1	SEEG	μV	1000	0.5	2000
mAHL2	SEEG	μV	1000	0.5	2000
mAHL3	SEEG	μV	1000	0.5	2000
mAHL4	SEEG	μV	1000	0.5	2000
mAHL5	SEEG	μV	1000	0.5	2000
mAHL6	SEEG	μV	1000	0.5	2000
mAHL7	SEEG	μV	1000	0.5	2000
mAHL8	SEEG	μV	1000	0.5	2000
mAL1	SEEG	μV	1000	0.5	2000
mAL2	SEEG	μV	1000	0.5	2000
mAL3	SEEG	μV	1000	0.5	2000
mAL4	SEEG	μV	1000	0.5	2000
mAL5	SEEG	μV	1000	0.5	2000
mAL6	SEEG	μV	1000	0.5	2000
mAL7	SEEG	μV	1000	0.5	2000
mAL8	SEEG	μV	1000	0.5	2000
mDRR1	SEEG	μV	1000	0.5	2000
mDRR2	SEEG	μV	1000	0.5	2000
mDRR3	SEEG	μV	1000	0.5	2000
mDRR4	SEEG	μV	1000	0.5	2000
mDRR5	SEEG	μV	1000	0.5	2000
mDRR6	SEEG	μV	1000	0.5	2000
mDRR7	SEEG	μV	1000	0.5	2000
mDRR8	SEEG	μV	1000	0.5	2000
mPHR1	SEEG	μV	1000	0.5	2000
mPHR2	SEEG	μV	1000	0.5	2000
mPHR3	SEEG	μV	1000	0.5	2000
mPHR4	SEEG	μV	1000	0.5	2000
mPHR5	SEEG	μV	1000	0.5	2000
mPHR6	SEEG	μV	1000	0.5	2000
mPHR7	SEEG	μV	1000	0.5	2000
mPHR8	SEEG	μV	1000	0.5	2000
