name	x	y	z	size	AnatomicalLocation
mAHL1	-25.2783464732842	-15.5226964683196	-16.4586733995005	1.3	Hipp, Left Hippocampus rHipp, rostral hippocampus
mAHL2	-28.4646903275802	-15.8958011233367	-16.276624985309	1.3	Hipp, Left Hippocampus rHipp, rostral hippocampus
mAHL3	-34.8838118578217	-15.5478647783361	-15.4274299131896	1.3	Hipp, Left Hippocampus cHipp, caudal hippocampus
mAHL4	-40.6908505726612	-15.0789131933079	-15.2286658869433	1.3	no_label_found
mAHL5	-46.5053728962658	-14.5640708995685	-14.7892383835849	1.3	no_label_found
mAHL6	-52.7090463397932	-14.0489331396861	-14.3777722489331	1.3	MTG, Left Middle Temporal Gyrus aSTS, anterior superior temporal sulcus
mAHL7	-58.539160191694	-14.0178721269769	-13.9070302895312	1.3	MTG, Left Middle Temporal Gyrus aSTS, anterior superior temporal sulcus
mAHL8	-64.7338464842971	-14.4307285997478	-13.2003779063548	1.3	MTG, Left Middle Temporal Gyrus aSTS, anterior superior temporal sulcus
mAHR1	29.4321529493532	-14.2490345592766	-21.9749134178603	1.3	Hipp, Right Hippocampus cHipp, caudal hippocampus
mAHR2	32.3541026195821	-15.2206325337263	-22.0561159279628	1.3	Hipp, Right Hippocampus cHipp, caudal hippocampus
mAHR3	38.8747367058323	-16.3909608562447	-21.9723262830178	1.3	FuG, Right Fusiform Gyrus A20rv, rostroventral area 20
mAHR4	44.45600223614	-18.0643698004763	-22.1078707008216	1.3	ITG, Right Inferior Temporal Gyrus A20iv, intermediate ventral area 20
mAHR5	50.845131404825	-20.6491823659109	-22.2690028238763	1.3	ITG, Right Inferior Temporal Gyrus A20il, intermediate lateral area 20
mAHR6	56.7880173742819	-20.8302056209899	-22.5244781334618	1.3	ITG, Right Inferior Temporal Gyrus A20il, intermediate lateral area 20
mAHR7	62.9999285732588	-22.9709528085294	-22.7426440702463	1.3	ITG, Right Inferior Temporal Gyrus A20il, intermediate lateral area 20
mAHR8	68.5654525942537	-25.0992383285435	-22.5281918224037	1.3	no_label_found
mAL1	-18.5722123635397	-5.04744901147655	-15.467106956468	1.3	Amyg, Left Amygdala mAmyg, medial amygdala
mAL2	-21.6934014958249	-4.42085375101544	-16.1455834185313	1.3	Amyg, Left Amygdala mAmyg, medial amygdala
mAL3	-27.6277714343403	-2.99042387419054	-17.005703628035	1.3	Amyg, Left Amygdala lAmyg, lateral amygdala
mAL4	-32.4558749741464	-2.20810444120084	-17.9944843479952	1.3	no_label_found
mAL5	-38.0113919940562	-0.423488588333076	-18.9450353541651	1.3	no_label_found
mAL6	-43.966517408355	0.845573487090466	-19.7374234545002	1.3	STG, Left Superior Temporal Gyrus A38l, lateral area 38
mAL7	-49.1974588043417	2.19307291401901	-20.6469497612976	1.3	STG, Left Superior Temporal Gyrus A22r, rostral area 22
mAL8	-54.8679267040312	3.99593305584379	-21.4408625676654	1.3	MTG, Left Middle Temporal Gyrus aSTS, anterior superior temporal sulcus
mAR1	22.4575956763528	-5.79566582494357	-17.1768280012838	1.3	Amyg, Right Amygdala mAmyg, medial amygdala
mAR2	25.3926981779847	-5.25298528161868	-18.5425676302208	1.3	Amyg, Right Amygdala lAmyg, lateral amygdala
mAR3	30.1297368638642	-4.99896037293197	-20.6739885029386	1.3	Amyg, Right Amygdala lAmyg, lateral amygdala
mAR4	36.7632238692022	-4.73887904429832	-23.0328366475152	1.3	no_label_found
mAR5	42.2807242122411	-4.18672944157722	-25.4309847670131	1.3	no_label_found
mAR6	48.3340103816084	-4.37818284676382	-27.4595979673171	1.3	MTG, Right Middle Temporal Gyrus A21r, rostral area 21
mAR7	53.203725944017	-4.24392549264694	-29.4700443311367	1.3	MTG, Right Middle Temporal Gyrus A21r, rostral area 21
mAR8	59.3961709990293	-3.70859944654642	-31.4772619259676	1.3	MTG, Right Middle Temporal Gyrus A21r, rostral area 21
mECL1	-23.1736449578991	-6.29487113210903	-25.6245099456936	1.3	Hipp, Left Hippocampus rHipp, rostral hippocampus
mECL2	-26.3200763366821	-6.88085514739698	-25.1497474341368	1.3	Hipp, Left Hippocampus rHipp, rostral hippocampus
mECL3	-31.3374726658228	-6.41499944191058	-24.1694599792512	1.3	Hipp, Left Hippocampus rHipp, rostral hippocampus
mECL4	-37.4289713901254	-6.36478917250087	-23.58030857038	1.3	no_label_found
mECL5	-43.5861649061819	-5.35118879172439	-22.8328840784753	1.3	no_label_found
mECL6	-49.4108811892964	-5.36442647634684	-21.9196962760115	1.3	no_label_found
mECL7	-55.6165469712364	-5.44831402500173	-20.9717416526838	1.3	MTG, Left Middle Temporal Gyrus aSTS, anterior superior temporal sulcus
mECL8	-61.4496698598033	-5.42141922863121	-19.9672016614057	1.3	MTG, Left Middle Temporal Gyrus aSTS, anterior superior temporal sulcus
mECR1	29.7340395908313	-3.95300115626031	-30.0269405266723	1.3	PhG, Right Parahippocampal Gyrus A35/36r, rostral area 35/36
mECR2	31.4414626958891	-4.384297849077	-29.0877734405442	1.3	PhG, Right Parahippocampal Gyrus A35/36r, rostral area 35/36
mECR3	37.9130330903501	-5.57472854793777	-27.0607672821133	1.3	no_label_found
mECR4	43.4596264424786	-5.69362331648749	-25.4087824885002	1.3	no_label_found
mECR5	48.9526653857811	-6.37364781579053	-23.576344597345	1.3	no_label_found
mECR6	54.6948313769381	-7.05150497208829	-21.9585034790412	1.3	MTG, Right Middle Temporal Gyrus A21r, rostral area 21
mECR7	61.827775728996	-7.13681631292919	-20.223380342533	1.3	MTG, Right Middle Temporal Gyrus A21r, rostral area 21
mECR8	67.1942261804041	-7.65420552692455	-18.6946966556238	1.3	no_label_found
mPHL1	-29.0264587265955	-26.0074313080685	-7.17817366252486	1.3	Hipp, Left Hippocampus cHipp, caudal hippocampus
mPHL2	-32.2494526823449	-27.4717993164166	-7.76245793693669	1.3	Hipp, Left Hippocampus cHipp, caudal hippocampus
mPHL3	-37.900469025174	-30.3163082517417	-8.35354175999928	1.3	Hipp, Left Hippocampus cHipp, caudal hippocampus
mPHL4	-42.7220213021032	-32.6925931855829	-9.24324057812294	1.3	no_label_found
mPHL5	-48.5850118966226	-34.8769414175761	-10.1374569513761	1.3	no_label_found
mPHL6	-53.8263251869787	-37.1838932407995	-10.7142787284282	1.3	MTG, Left Middle Temporal Gyrus A21c, caudal area 21
mPHL7	-59.7106024413215	-38.8507252131942	-11.5311521380234	1.3	MTG, Left Middle Temporal Gyrus A21c, caudal area 21
mPHL8	-65.0719561503869	-40.607297401316	-12.3400680237588	1.3	MTG, Left Middle Temporal Gyrus A21c, caudal area 21
mPHR1	34.5288832327068	-27.9872534699832	-10.5534948104786	1.3	Hipp, Right Hippocampus cHipp, caudal hippocampus
mPHR2	37.1660266911649	-29.0051428403557	-10.757692027213	1.3	Hipp, Right Hippocampus cHipp, caudal hippocampus
mPHR3	43.7485372528738	-30.6641274497669	-11.2572694739786	1.3	no_label_found
mPHR4	49.4100453640974	-32.3073340048864	-12.0636525984534	1.3	no_label_found
mPHR5	55.151345651093	-33.4715419659361	-12.7433337014722	1.3	ITG, Right Inferior Temporal Gyrus A20cl, caudolateral of area 20
mPHR6	61.6189275086107	-34.487335260732	-13.3420968197856	1.3	ITG, Right Inferior Temporal Gyrus A20cl, caudolateral of area 20
mPHR7	67.5429014412362	-36.626497340459	-13.7133066645156	1.3	MTG, Right Middle Temporal Gyrus A21c, caudal area 21
mPHR8	73.4382145550601	-37.7181631005531	-14.2005027733713	1.3	no_label_found
