name	type	units	low_cutoff	high_cutoff	sampling_frequency
mAHL1	SEEG	μV	1000	0.5	2000
mAHL2	SEEG	μV	1000	0.5	2000
mAHL3	SEEG	μV	1000	0.5	2000
mAHL4	SEEG	μV	1000	0.5	2000
mAHL5	SEEG	μV	1000	0.5	2000
mAHL6	SEEG	μV	1000	0.5	2000
mAHL7	SEEG	μV	1000	0.5	2000
mAHL8	SEEG	μV	1000	0.5	2000
mAL1	SEEG	μV	1000	0.5	2000
mAL2	SEEG	μV	1000	0.5	2000
mAL3	SEEG	μV	1000	0.5	2000
mAL4	SEEG	μV	1000	0.5	2000
mAL5	SEEG	μV	1000	0.5	2000
mAL6	SEEG	μV	1000	0.5	2000
mAL7	SEEG	μV	1000	0.5	2000
mAL8	SEEG	μV	1000	0.5	2000
mECL1	SEEG	μV	1000	0.5	2000
mECL2	SEEG	μV	1000	0.5	2000
mECL3	SEEG	μV	1000	0.5	2000
mECL4	SEEG	μV	1000	0.5	2000
mECL5	SEEG	μV	1000	0.5	2000
mECL6	SEEG	μV	1000	0.5	2000
mECL7	SEEG	μV	1000	0.5	2000
mECL8	SEEG	μV	1000	0.5	2000
mLR1	SEEG	μV	1000	0.5	2000
mLR2	SEEG	μV	1000	0.5	2000
mLR3	SEEG	μV	1000	0.5	2000
mLR4	SEEG	μV	1000	0.5	2000
mLR5	SEEG	μV	1000	0.5	2000
mLR6	SEEG	μV	1000	0.5	2000
mLR7	SEEG	μV	1000	0.5	2000
mLR8	SEEG	μV	1000	0.5	2000
mPHL1	SEEG	μV	1000	0.5	2000
mPHL2	SEEG	μV	1000	0.5	2000
mPHL3	SEEG	μV	1000	0.5	2000
mPHL4	SEEG	μV	1000	0.5	2000
mPHL5	SEEG	μV	1000	0.5	2000
mPHL6	SEEG	μV	1000	0.5	2000
mPHL7	SEEG	μV	1000	0.5	2000
mPHL8	SEEG	μV	1000	0.5	2000
mPHR1	SEEG	μV	1000	0.5	2000
mPHR2	SEEG	μV	1000	0.5	2000
mPHR3	SEEG	μV	1000	0.5	2000
mPHR4	SEEG	μV	1000	0.5	2000
mPHR5	SEEG	μV	1000	0.5	2000
mPHR6	SEEG	μV	1000	0.5	2000
mPHR7	SEEG	μV	1000	0.5	2000
mPHR8	SEEG	μV	1000	0.5	2000
